,ORIGIN,DESTINATION,ROUNDTRIP,AVG_FARE,CANCELLED,DELTA,ROUTE,AIRPORT_FEE,OVERHEAD_COST,OPERATION_COST,AVG_OCCUPANCY_RATE,REVENUE,PROFIT,ROI
23968,JFK,SFO,795.0,898.6351791530944,23.0,772.0,JFK-to-SFO,20000.0,23739.48,23739.48,0.6551845819761128,54014.902840489885,41699504.992858194,1667.0
23893,JFK,LAX,873.0,848.357629427793,30.0,843.0,JFK-to-LAX,20000.0,22720.5,22720.5,0.646859872611465,47033.20162012533,39648988.965765655,1914.0
15508,EWR,SFO,647.0,960.8722382324688,12.0,635.0,EWR-to-SFO,20000.0,23546.7,24296.7,0.6504658901830283,60706.22315880832,38548451.705843285,1483.0
25241,LAX,JFK,717.0,807.3050075872534,28.0,689.0,LAX-to-JFK,20000.0,22720.5,22720.5,0.6532003798670466,42745.88752491257,29451916.50466476,2106.0
15421,EWR,LAX,555.0,734.3021420518602,4.0,551.0,EWR-to-LAX,20000.0,22527.72,22527.72,0.6517585551330798,33189.82062696919,18287591.165460024,2712.0
